{
  "menu": [
    {
      "name": "Dashboards",
      "icon": "menu-icon tf-icons mdi mdi-home-outline",
      "slug": "dashboard",
      "badge": [
        "danger",
        "5"
      ],
      "submenu": [
        {
          "url": "dashboard-crm",
          "name": "CRM",
          "slug": "dashboard-crm"
        },
        {
          "url": "index",
          "name": "Analytics",
          "slug": "dashboard-analytics"
        },
        {
          "url": "/app/ecommerce/dashboard",
          "external": true,
          "name": "eCommerce",
          "slug": "app-ecommerce-dashboard"
        },
        {
          "url": "/app/logistics/dashboard",
          "external": true,
          "name": "Logistics",
          "slug": "app-logistics-dashboard"
        },
        {
          "url": "/app/academy/dashboard",
          "external": true,
          "name": "Academy",
          "slug": "app-academy-dashboard"
        }
      ]
    },
    {
      "name": "Layouts",
      "icon": "menu-icon tf-icons mdi mdi-window-maximize",
      "slug": "layouts",
      "submenu": [
        {
          "url": "layouts-collapsed-menu",
          "name": "Collapsed menu",
          "slug": "layouts-collapsed-menu"
        },
        {
          "url": "layouts-content-navbar",
          "name": "Content navbar",
          "slug": "layouts-content-navbar"
        },
        {
          "url": "layouts-content-nav-sidebar",
          "name": "Content nav + Sidebar",
          "slug": "layouts-content-nav-sidebar"
        },
        {
          "url": "layouts-horizontal",
          "name": "Horizontal",
          "slug": "layouts-horizontal",
          "target": "_blank"
        },
        {
          "url": "layouts-without-menu",
          "name": "Without menu",
          "slug": "layouts-without-menu"
        },
        {
          "url": "layouts-without-navbar",
          "name": "Without navbar",
          "slug": "layouts-without-navbar"
        },
        {
          "url": "layouts-fluid",
          "name": "Fluid",
          "slug": "layouts-fluid"
        },
        {
          "url": "layouts-container",
          "name": "Container",
          "slug": "layouts-container"
        },
        {
          "url": "layouts-blank",
          "name": "Blank",
          "slug": "layouts-blank",
          "target": "_blank"
        }
      ]
    },
    {
      "name": "Front Pages",
      "icon": "menu-icon tf-icons mdi mdi-flip-to-front",
      "slug": "front-pages",
      "submenu": [
        {
          "url": "landing-page",
          "name": "Landing",
          "slug": "front-pages-landing",
          "target": "_blank"
        },
        {
          "url": "pricing-page",
          "name": "Pricing",
          "slug": "front-pages-pricing",
          "target": "_blank"
        },
        {
          "url": "payment-page",
          "name": "Payments",
          "slug": "front-pages-payment",
          "target": "_blank"
        },
        {
          "url": "checkout-page",
          "name": "Checkout",
          "slug": "front-pages-checkout",
          "target": "_blank"
        },
        {
          "url": "help-center-landing",
          "name": "Help Center",
          "slug": "front-pages-help-center",
          "target": "_blank"
        }
      ]
    },
    {
      "url": "transactions",
      "name": "Transactions (CRUD)",
      "permission": "transactions.view_transaction",
      "icon": "menu-icon tf-icons mdi mdi-database-outline",
      "slug": "transactions"
    },
    {
      "menu_header": "Apps & Pages"
    },
    {
      "url": "app-email",
      "name": "Email",
      "icon": "menu-icon tf-icons mdi mdi-email-outline",
      "slug": "app-email"
    },
    {
      "url": "app-chat",
      "name": "Chat",
      "icon": "menu-icon tf-icons mdi mdi-message-outline",
      "slug": "app-chat"
    },
    {
      "url": "app-calendar",
      "name": "Calendar",
      "icon": "menu-icon tf-icons mdi mdi-calendar-blank-outline",
      "slug": "app-calendar"
    },
    {
      "url": "app-kanban",
      "name": "Kanban",
      "icon": "menu-icon tf-icons mdi mdi-view-grid-outline",
      "slug": "app-kanban"
    },
    {
      "name": "eCommerce",
      "icon": "menu-icon tf-icons mdi mdi-cart-outline",
      "slug": "app-ecommerce",
      "submenu": [
        {
          "url": "app-ecommerce-dashboard",
          "name": "Dashboard",
          "slug": "app-ecommerce-dashboard"
        },
        {
          "name": "Products",
          "slug": "app-ecommerce-product",
          "submenu": [
            {
              "url": "app-ecommerce-product-list",
              "name": "Product List",
              "slug": "app-ecommerce-product-list"
            },
            {
              "url": "app-ecommerce-product-add",
              "name": "Add Product",
              "slug": "app-ecommerce-product-add"
            },
            {
              "url": "app-ecommerce-product-category-list",
              "name": "Category List",
              "slug": "app-ecommerce-product-category-list"
            }
          ]
        },
        {
          "name": "Order",
          "slug": "app-ecommerce-order",
          "submenu": [
            {
              "url": "app-ecommerce-order-list",
              "name": "Order List",
              "slug": "app-ecommerce-order-list"
            },
            {
              "url": "app-ecommerce-order-details",
              "name": "Order Details",
              "slug": "app-ecommerce-order-details"
            }
          ]
        },
        {
          "name": "Customer",
          "slug": "app-ecommerce-customer",
          "submenu": [
            {
              "url": "app-ecommerce-customer-all",
              "name": "All Customers",
              "slug": "app-ecommerce-customer-all"
            },
            {
              "name": "Customer Details",
              "slug": "app-ecommerce-customer-details",
              "submenu": [
                {
                  "url": "app-ecommerce-customer-details-overview",
                  "name": "Overview",
                  "slug": "app-ecommerce-customer-details-overview"
                },
                {
                  "url": "app-ecommerce-customer-details-security",
                  "name": "Security",
                  "slug": "app-ecommerce-customer-details-security"
                },
                {
                  "url": "app-ecommerce-customer-details-billing",
                  "name": "Address & Billing",
                  "slug": "app-ecommerce-customer-details-billing"
                },
                {
                  "url": "app-ecommerce-customer-details-notifications",
                  "name": "Notifications",
                  "slug": "app-ecommerce-customer-details-notifications"
                }
              ]
            }
          ]
        },
        {
          "url": "app-ecommerce-manage-reviews",
          "name": "Manage Reviews",
          "slug": "app-ecommerce-manage-reviews"
        },
        {
          "url": "app-ecommerce-referrals",
          "name": "Referrals",
          "slug": "app-ecommerce-referrals"
        },
        {
          "name": "Settings",
          "slug": "app-ecommerce-settings",
          "submenu": [
            {
              "url": "app-ecommerce-settings-detail",
              "name": "Store details",
              "slug": "app-ecommerce-settings-detail"
            },
            {
              "url": "app-ecommerce-settings-payments",
              "name": "Payments",
              "slug": "app-ecommerce-settings-payments"
            },
            {
              "url": "app-ecommerce-settings-checkout",
              "name": "Checkout",
              "slug": "app-ecommerce-settings-checkout"
            },
            {
              "url": "app-ecommerce-settings-shipping",
              "name": "Shipping & Delivery",
              "slug": "app-ecommerce-settings-shipping"
            },
            {
              "url": "app-ecommerce-settings-locations",
              "name": "Locations",
              "slug": "app-ecommerce-settings-locations"
            },
            {
              "url": "app-ecommerce-settings-notifications",
              "name": "Notifications",
              "slug": "app-ecommerce-settings-notifications"
            }
          ]
        }
      ]
    },
    {
      "name": "Academy",
      "icon": "menu-icon tf-icons mdi mdi-notebook-outline",
      "slug": "app-academy",
      "submenu": [
        {
          "url": "app-academy-dashboard",
          "name": "Dashboard",
          "slug": "app-academy-dashboard"
        },
        {
          "url": "app-academy-course",
          "name": "My Course",
          "slug": "app-academy-course"
        },
        {
          "url": "app-academy-course-details",
          "name": "Course Details",
          "slug": "app-academy-course-details"
        }
      ]
    },
    {
      "name": "Logistics",
      "icon": "menu-icon tf-icons mdi mdi-truck-outline",
      "slug": "app-logistics",
      "submenu": [
        {
          "url": "app-logistics-dashboard",
          "name": "Dashboard",
          "slug": "app-logistics-dashboard"
        },
        {
          "url": "app-logistics-fleet",
          "name": "Fleet",
          "slug": "app-logistics-fleet"
        }
      ]
    },
    {
      "name": "Invoice",
      "icon": "menu-icon tf-icons mdi mdi-content-paste",
      "slug": "app-invoice",
      "badge": [
        "danger",
        "4"
      ],
      "submenu": [
        {
          "url": "app-invoice-list",
          "name": "List",
          "slug": "app-invoice-list"
        },
        {
          "url": "app-invoice-preview",
          "name": "Preview",
          "slug": "app-invoice-preview"
        },
        {
          "url": "app-invoice-edit",
          "name": "Edit",
          "slug": "app-invoice-edit"
        },
        {
          "url": "app-invoice-add",
          "name": "Add",
          "slug": "app-invoice-add"
        }
      ]
    },
    {
      "name": "Users",
      "icon": "menu-icon tf-icons mdi mdi-account-outline",
      "permission": "user.view_user",
      "slug": "app-user",
      "submenu": [
        {
          "url": "app-user-list",
          "name": "List",
          "slug": "app-user-list"
        },
        {
          "name": "View",
          "slug": "app-user-view",
          "submenu": [
            {
              "url": "app-user-view-account",
              "name": "Account",
              "slug": "app-user-view-account"
            },
            {
              "url": "app-user-view-security",
              "name": "Security",
              "slug": "app-user-view-security"
            },
            {
              "url": "app-user-view-billing",
              "name": "Billing & Plans",
              "slug": "app-user-view-billing"
            },
            {
              "url": "app-user-view-notifications",
              "name": "Notifications",
              "slug": "app-user-view-notifications"
            },
            {
              "url": "app-user-view-connections",
              "name": "Connections",
              "slug": "app-user-view-connections"
            }
          ]
        }
      ]
    },
    {
      "name": "Roles & Permissions",
      "icon": "menu-icon tf-icons mdi mdi-cog-outline",
      "permission": "permission.view_permission",
      "slug": "app-access",
      "submenu": [
        {
          "url": "app-access-roles",
          "name": "Roles",
          "slug": "app-access-roles"
        },
        {
          "url": "app-access-permission",
          "name": "Permissions",
          "slug": "app-access-permission"
        }
      ]
    },
    {
      "name": "Pages",
      "icon": "menu-icon tf-icons mdi mdi-file-document-multiple-outline",
      "slug": "pages",
      "submenu": [
        {
          "name": "User Profile",
          "slug": "pages-profile",
          "submenu": [
            {
              "url": "pages-profile-user",
              "name": "Profile",
              "slug": "pages-profile-user"
            },
            {
              "url": "pages-profile-teams",
              "name": "Teams",
              "slug": "pages-profile-teams"
            },
            {
              "url": "pages-profile-projects",
              "name": "Projects",
              "slug": "pages-profile-projects"
            },
            {
              "url": "pages-profile-connections",
              "name": "Connections",
              "slug": "pages-profile-connections"
            }
          ]
        },
        {
          "name": "Account Settings",
          "slug": "pages-account-settings",
          "submenu": [
            {
              "url": "pages-account-settings-account",
              "name": "Account",
              "slug": "pages-account-settings-account"
            },
            {
              "url": "pages-account-settings-security",
              "name": "Security",
              "slug": "pages-account-settings-security"
            },
            {
              "url": "pages-account-settings-billing",
              "name": "Billing & Plans",
              "slug": "pages-account-settings-billing"
            },
            {
              "url": "pages-account-settings-notifications",
              "name": "Notifications",
              "slug": "pages-account-settings-notifications"
            },
            {
              "url": "pages-account-settings-connections",
              "name": "Connections",
              "slug": "pages-account-settings-connections"
            }
          ]
        },
        {
          "url": "pages-faq",
          "name": "FAQ",
          "slug": "pages-faq"
        },
        {
          "url": "pages-pricing",
          "name": "Pricing",
          "slug": "pages-pricing"
        },
        {
          "name": "Misc",
          "slug": "pages-misc",
          "submenu": [
            {
              "url": "pages-misc-error",
              "name": "Error",
              "slug": "pages-misc-error",
              "target": "_blank"
            },
            {
              "url": "pages-misc-under-maintenance",
              "name": "Under Maintenance",
              "slug": "pages-misc-under-maintenance",
              "target": "_blank"
            },
            {
              "url": "pages-misc-comingsoon",
              "name": "Coming Soon",
              "slug": "pages-misc-comingsoon",
              "target": "_blank"
            },
            {
              "url": "pages-misc-not-authorized",
              "name": "Not Authorized",
              "slug": "pages-misc-not-authorized",
              "target": "_blank"
            },
            {
              "url": "pages-misc-server-error",
              "name": "Server Error",
              "slug": "pages-misc-server-error",
              "target": "_blank"
            }
          ]
        }
      ]
    },
    {
      "name": "Authentications",
      "icon": "menu-icon tf-icons mdi mdi-lock-open-outline",
      "slug": "auth",
      "submenu": [
        {
          "name": "Login",
          "slug": "auth-login",
          "submenu": [
            {
              "url": "auth-login-basic",
              "name": "Basic",
              "slug": "auth-login-basic",
              "target": "_blank"
            },
            {
              "url": "auth-login-cover",
              "name": "Cover",
              "slug": "auth-login-cover",
              "target": "_blank"
            }
          ]
        },
        {
          "name": "Register",
          "slug": "auth-register",
          "submenu": [
            {
              "url": "auth-register-basic",
              "name": "Basic",
              "slug": "auth-register-basic",
              "target": "_blank"
            },
            {
              "url": "auth-register-cover",
              "name": "Cover",
              "slug": "auth-register-cover",
              "target": "_blank"
            },
            {
              "url": "auth-register-multisteps",
              "name": "Multi-steps",
              "slug": "auth-register-multisteps",
              "target": "_blank"
            }
          ]
        },
        {
          "name": "Verify Email",
          "slug": "auth-verify-email",
          "submenu": [
            {
              "url": "auth-verify-email-basic",
              "name": "Basic",
              "slug": "auth-verify-email-basic",
              "target": "_blank"
            },
            {
              "url": "auth-verify-email-cover",
              "name": "Cover",
              "slug": "auth-verify-email-cover",
              "target": "_blank"
            }
          ]
        },
        {
          "name": "Reset Password",
          "slug": "auth-reset-password",
          "submenu": [
            {
              "url": "auth-reset-password-basic",
              "name": "Basic",
              "slug": "auth-reset-password-basic",
              "target": "_blank"
            },
            {
              "url": "auth-reset-password-cover",
              "name": "Cover",
              "slug": "auth-reset-password-cover",
              "target": "_blank"
            }
          ]
        },
        {
          "name": "Forgot Password",
          "slug": "auth-forgot-password",
          "submenu": [
            {
              "url": "auth-forgot-password-basic",
              "name": "Basic",
              "slug": "auth-forgot-password-basic",
              "target": "_blank"
            },
            {
              "url": "auth-forgot-password-cover",
              "name": "Cover",
              "slug": "auth-forgot-password-cover",
              "target": "_blank"
            }
          ]
        },
        {
          "name": "Two Steps",
          "slug": "auth-two-steps",
          "submenu": [
            {
              "url": "auth-two-steps-basic",
              "name": "Basic",
              "slug": "auth-two-steps-basic",
              "target": "_blank"
            },
            {
              "url": "auth-two-steps-cover",
              "name": "Cover",
              "slug": "auth-two-steps-cover",
              "target": "_blank"
            }
          ]
        }
      ]
    },
    {
      "name": "Wizard Examples",
      "icon": "menu-icon tf-icons mdi mdi-dots-horizontal",
      "slug": "wizard-ex",
      "submenu": [
        {
          "url": "wizard-ex-checkout",
          "name": "Checkout",
          "slug": "wizard-ex-checkout"
        },
        {
          "url": "wizard-ex-property-listing",
          "name": "Property Listing",
          "slug": "wizard-ex-property-listing"
        },
        {
          "url": "wizard-ex-create-deal",
          "name": "Create Deal",
          "slug": "wizard-ex-create-deal"
        }
      ]
    },
    {
      "url": "modal-examples",
      "icon": "menu-icon tf-icons mdi mdi-open-in-new",
      "name": "Modal Examples",
      "slug": "modal-examples"
    },
    {
      "menu_header": "Components"
    },
    {
      "name": "Cards",
      "icon": "menu-icon tf-icons mdi mdi-credit-card-outline",
      "slug": "cards",
      "badge": [
        "primary",
        "6"
      ],
      "submenu": [
        {
          "url": "cards-basic",
          "name": "Basic",
          "slug": "cards-basic"
        },
        {
          "url": "cards-advance",
          "name": "Advance",
          "slug": "cards-advance"
        },
        {
          "url": "cards-statistics",
          "name": "Statistics",
          "slug": "cards-statistics"
        },
        {
          "url": "cards-analytics",
          "name": "Analytics",
          "slug": "cards-analytics"
        },
        {
          "url": "cards-gamifications",
          "name": "Gamifications",
          "slug": "cards-gamifications"
        },
        {
          "url": "cards-actions",
          "name": "Actions",
          "slug": "cards-actions"
        }
      ]
    },
    {
      "name": "User interface",
      "icon": "menu-icon tf-icons mdi mdi-archive-outline",
      "slug": "ui",
      "submenu": [
        {
          "url": "ui-accordion",
          "name": "Accordion",
          "slug": "ui-accordion"
        },
        {
          "url": "ui-alerts",
          "name": "Alerts",
          "slug": "ui-alerts"
        },
        {
          "url": "ui-badges",
          "name": "Badges",
          "slug": "ui-badges"
        },
        {
          "url": "ui-buttons",
          "name": "Buttons",
          "slug": "ui-buttons"
        },
        {
          "url": "ui-carousel",
          "name": "Carousel",
          "slug": "ui-carousel"
        },
        {
          "url": "ui-collapse",
          "name": "Collapse",
          "slug": "ui-collapse"
        },
        {
          "url": "ui-dropdowns",
          "name": "Dropdowns",
          "slug": "ui-dropdowns"
        },
        {
          "url": "ui-footer",
          "name": "Footer",
          "slug": "ui-footer"
        },
        {
          "url": "ui-list-groups",
          "name": "List Groups",
          "slug": "ui-list-groups"
        },
        {
          "url": "ui-modals",
          "name": "Modals",
          "slug": "ui-modals"
        },
        {
          "url": "ui-navbar",
          "name": "Navbar",
          "slug": "ui-navbar"
        },
        {
          "url": "ui-offcanvas",
          "name": "Offcanvas",
          "slug": "ui-offcanvas"
        },
        {
          "url": "ui-pagination-breadcrumbs",
          "name": "Pagination & Breadcrumbs",
          "slug": "ui-pagination-breadcrumbs"
        },
        {
          "url": "ui-progress",
          "name": "Progress",
          "slug": "ui-progress"
        },
        {
          "url": "ui-spinners",
          "name": "Spinners",
          "slug": "ui-spinners"
        },
        {
          "url": "ui-tabs-pills",
          "name": "Tabs & Pills",
          "slug": "ui-tabs-pills"
        },
        {
          "url": "ui-toasts",
          "name": "Toasts",
          "slug": "ui-toasts"
        },
        {
          "url": "ui-tooltips-popovers",
          "name": "Tooltips & Popovers",
          "slug": "ui-tooltips-popovers"
        },
        {
          "url": "ui-typography",
          "name": "Typography",
          "slug": "ui-typography"
        }
      ]
    },
    {
      "name": "Extended UI",
      "icon": "menu-icon tf-icons mdi mdi-star-outline",
      "slug": "extended",
      "submenu": [
        {
          "url": "extended-ui-avatar",
          "name": "Avatar",
          "slug": "extended-ui-avatar"
        },
        {
          "url": "extended-ui-blockui",
          "name": "BlockUI",
          "slug": "extended-ui-blockui"
        },
        {
          "url": "extended-ui-drag-and-drop",
          "name": "Drag & Drop",
          "slug": "extended-ui-drag-and-drop"
        },
        {
          "url": "extended-ui-media-player",
          "name": "Media Player",
          "slug": "extended-ui-media-player"
        },
        {
          "url": "extended-ui-perfect-scrollbar",
          "name": "Perfect Scrollbar",
          "slug": "extended-ui-perfect-scrollbar"
        },
        {
          "url": "extended-ui-star-ratings",
          "name": "Star Ratings",
          "slug": "extended-ui-star-ratings"
        },
        {
          "url": "extended-ui-sweetalert2",
          "name": "SweetAlert2",
          "slug": "extended-ui-sweetalert2"
        },
        {
          "url": "extended-ui-text-divider",
          "name": "Text Divider",
          "slug": "extended-ui-text-divider"
        },
        {
          "name": "Timeline",
          "slug": "extended-ui-timeline",
          "submenu": [
            {
              "url": "extended-ui-timeline-basic",
              "name": "Basic",
              "slug": "extended-ui-timeline-basic"
            },
            {
              "url": "extended-ui-timeline-fullscreen",
              "name": "Fullscreen",
              "slug": "extended-ui-timeline-fullscreen"
            }
          ]
        },
        {
          "url": "extended-ui-tour",
          "name": "Tour",
          "slug": "extended-ui-tour"
        },
        {
          "url": "extended-ui-treeview",
          "name": "Treeview",
          "slug": "extended-ui-treeview"
        },
        {
          "url": "extended-ui-misc",
          "name": "Miscellaneous",
          "slug": "extended-ui-misc"
        }
      ]
    },
    {
      "url": "icons-mdi",
      "name": "Icons",
      "icon": "menu-icon tf-icons mdi mdi-google-circles-extended",
      "slug": "icons-mdi"
    },
    {
      "menu_header": "Forms & Tables"
    },
    {
      "name": "Form Elements",
      "icon": "menu-icon tf-icons mdi mdi-form-select",
      "slug": "forms",
      "submenu": [
        {
          "url": "forms-basic-inputs",
          "name": "Basic Inputs",
          "slug": "forms-basic-inputs"
        },
        {
          "url": "forms-input-groups",
          "name": "Input groups",
          "slug": "forms-input-groups"
        },
        {
          "url": "forms-custom-options",
          "name": "Custom Options",
          "slug": "forms-custom-options"
        },
        {
          "url": "forms-editors",
          "name": "Editors",
          "slug": "forms-editors"
        },
        {
          "url": "forms-file-upload",
          "name": "File Upload",
          "slug": "forms-file-upload"
        },
        {
          "url": "forms-pickers",
          "name": "Pickers",
          "slug": "forms-pickers"
        },
        {
          "url": "forms-selects",
          "name": "Select & Tags",
          "slug": "forms-selects"
        },
        {
          "url": "forms-sliders",
          "name": "Sliders",
          "slug": "forms-sliders"
        },
        {
          "url": "forms-switches",
          "name": "Switches",
          "slug": "forms-switches"
        },
        {
          "url": "forms-extras",
          "name": "Extras",
          "slug": "forms-extras"
        }
      ]
    },
    {
      "name": "Form Layouts",
      "icon": "menu-icon tf-icons mdi mdi-cube-outline",
      "slug": "form-layouts",
      "submenu": [
        {
          "url": "form-layouts-vertical",
          "name": "Vertical Form",
          "slug": "form-layouts-vertical"
        },
        {
          "url": "form-layouts-horizontal",
          "name": "Horizontal Form",
          "slug": "form-layouts-horizontal"
        },
        {
          "url": "form-layouts-sticky",
          "name": "Sticky Actions",
          "slug": "form-layouts-sticky"
        }
      ]
    },
    {
      "name": "Form Wizard",
      "icon": "menu-icon tf-icons mdi mdi-dots-horizontal",
      "slug": "form-wizard",
      "submenu": [
        {
          "url": "form-wizard-numbered",
          "name": "Numbered",
          "slug": "form-wizard-numbered"
        },
        {
          "url": "form-wizard-icons",
          "name": "Icons",
          "slug": "form-wizard-icons"
        }
      ]
    },
    {
      "url": "form-validation",
      "icon": "menu-icon tf-icons mdi mdi-checkbox-marked-circle-outline",
      "name": "Form Validation",
      "slug": "form-validation"
    },
    {
      "url": "tables-basic",
      "icon": "menu-icon tf-icons mdi mdi-table",
      "name": "Tables",
      "slug": "tables-basic"
    },
    {
      "name": "Datatables",
      "icon": "menu-icon tf-icons mdi mdi-grid",
      "slug": "tables-datatables",
      "submenu": [
        {
          "url": "tables-datatables-basic",
          "name": "Basic",
          "slug": "tables-datatables-basic"
        },
        {
          "url": "tables-datatables-advanced",
          "name": "Advanced",
          "slug": "tables-datatables-advanced"
        },
        {
          "url": "tables-datatables-extensions",
          "name": "Extensions",
          "slug": "tables-datatables-extensions"
        }
      ]
    },
    {
      "menu_header": "Charts & Maps"
    },
    {
      "name": "Charts",
      "icon": "menu-icon tf-icons mdi mdi mdi-chart-donut",
      "slug": "charts",
      "submenu": [
        {
          "url": "charts-apex",
          "name": "Apex Charts",
          "slug": "charts-apex"
        },
        {
          "url": "charts-chartjs",
          "name": "ChartJS",
          "slug": "charts-chartjs"
        }
      ]
    },
    {
      "url": "maps-leaflet",
      "icon": "menu-icon tf-icons mdi mdi-map-outline",
      "name": "Leaflet Maps",
      "slug": "maps-leaflet"
    },
    {
      "menu_header": "Misc"
    },
    {
      "url": "https://themeselection.com/support/",
      "external": true,
      "icon": "menu-icon tf-icons mdi mdi-lifebuoy",
      "name": "Support",
      "slug": "support",
      "target": "_blank"
    },
    {
      "url": "https://demos.themeselection.com/materio-bootstrap-html-admin-template/documentation/django-introduction.html",
      "external": true,
      "icon": "menu-icon tf-icons mdi mdi-file-document-multiple-outline",
      "name": "Documentation",
      "slug": "documentation",
      "target": "_blank"
    }
  ]
}